INSERT INTO ACCOUNTS VALUES ('a4a9c29b-0fbf-4c07-bd42-24d2712e9d1e', 'fedormoore@gmail.com', '$2a$10$CNJyhq/pVKRDu12ylpwwne2kdQWythyVGVmqprLvqESluQ4us2iJW', 'fedormoore@gmail.com', '2023-06-02 17:52:56.845', '2023-06-02 17:52:56.845', FALSE);
INSERT INTO ACCOUNTS VALUES ('a815f1db-15b7-4465-bde3-e04def294a24', 'fedormoore2@gmail.com', '$2a$10$IRQLWx2kQR7KNGHwgtZdB.Sw4N85adYo3vcmqQpd/U2CAA354rvJ.', 'fedormoore2@gmail.com', '2023-06-02 17:52:56.845', '2023-06-02 17:52:56.845', FALSE);
INSERT INTO ACCOUNTS VALUES ('f0558dd7-e687-4ebe-9b0e-bb8968ea39ca', 'fedormoore3@gmail.com', '$2a$10$uloWHr1DWylniRzRPxt/geU3aX9GcdQZGpz5ZbDkJgwwhP2fhM0j2', 'fedormoore3@gmail.com', '2023-06-02 17:52:56.845', '2023-06-02 17:52:56.845', FALSE);
INSERT INTO ACCOUNTS VALUES ('f2a82dce-b14d-4082-bcc1-34a91dae346f', 'fedormoore4@gmail.com', '$2a$10$usMf7U8ekyIEw/m6akIbAuW4pGUecRwJPJMATeFRUs30rrq54Abcy', 'fedormoore4@gmail.com', '2023-06-02 17:52:56.845', '2023-06-02 17:52:56.845', FALSE);

INSERT INTO POST VALUES ('549addf7-fd0a-4636-8829-a030db590352', '1 headerPost fedormoore@gmail.com', '123456', 'c:\2\4e4f68cd-a519-448f-86d2-3ed352617814.jpg', 'a4a9c29b-0fbf-4c07-bd42-24d2712e9d1e', '2023-06-02 17:51:56.845', '2023-06-02 17:51:56.845', FALSE);
INSERT INTO POST VALUES ('a67bd0e1-08de-40f7-aa46-f59d297c8c37', '2 headerPost fedormoore@gmail.com', '123456', '', 'a4a9c29b-0fbf-4c07-bd42-24d2712e9d1e', '2023-06-02 17:52:56.845', '2023-06-02 17:52:56.845', FALSE);
INSERT INTO POST VALUES ('554b8340-102d-4ebd-ac2f-96c10b527c75', '5 headerPost fedormoore2@gmail.com', '123456', 'c:\2\b80c933c-007b-42ef-a84d-b80eed4f9db6.jpg', 'a815f1db-15b7-4465-bde3-e04def294a24', '2023-06-02 17:55:56.845', '2023-06-02 17:55:56.845', FALSE);
INSERT INTO POST VALUES ('1a2401b7-cde1-4aaf-bb7b-2c4ab2aa759a', '3 headerPost fedormoore2@gmail.com', '123456', '', 'a815f1db-15b7-4465-bde3-e04def294a24', '2023-06-02 17:53:56.845', '2023-06-02 17:53:56.845', FALSE);
INSERT INTO POST VALUES ('554b8340-102d-4ebd-ac2f-96c10b527c72', '6 headerPost fedormoore3@gmail.com', '123456', 'c:\2\b80c933c-007b-42ef-a84d-b80eed4f9db6.jpg', 'f0558dd7-e687-4ebe-9b0e-bb8968ea39ca', '2023-06-02 17:56:56.845', '2023-06-02 17:56:56.845', FALSE);
INSERT INTO POST VALUES ('1a2401b7-cde1-4aaf-bb7b-2c4ab2aa758a', '4 headerPost fedormoore3@gmail.com', '123456', '', 'a815f1db-15b7-4465-bde3-e04def294a24', '2023-06-02 17:52:56.845', '2023-06-02 17:54:56.845', FALSE);


INSERT INTO REQUEST_FRIENDSHIP VALUES ('4206776e-3b3e-49fd-915a-6ce344a6e20b', 'a4a9c29b-0fbf-4c07-bd42-24d2712e9d1e', 'a815f1db-15b7-4465-bde3-e04def294a24', 'NEW', '2023-06-02 18:20:41.393', '2023-06-02 18:20:41.393',	FALSE);
INSERT INTO REQUEST_FRIENDSHIP VALUES ('da111350-003b-4093-8fee-bc315777c6d2', 'a815f1db-15b7-4465-bde3-e04def294a24', 'f0558dd7-e687-4ebe-9b0e-bb8968ea39ca', 'CONFIRM', '2023-06-02 18:21:05.106', '2023-06-02 18:21:05.106',	FALSE);
INSERT INTO REQUEST_FRIENDSHIP VALUES ('1531f012-12a8-48dc-bff3-df117dbaaff2', 'f0558dd7-e687-4ebe-9b0e-bb8968ea39ca', 'f2a82dce-b14d-4082-bcc1-34a91dae346f', 'REJECTED', '2023-06-02 18:21:29.225', '2023-06-02 18:21:29.225', FALSE);
INSERT INTO REQUEST_FRIENDSHIP VALUES ('3086e0c5-afd0-4e18-a1aa-c0c7e13ddfb3', 'f2a82dce-b14d-4082-bcc1-34a91dae346f', 'a4a9c29b-0fbf-4c07-bd42-24d2712e9d1e', 'CONFIRM', '2023-06-02 18:21:56.747', '2023-06-02 18:21:56.747',	FALSE);
INSERT INTO REQUEST_FRIENDSHIP VALUES ('3086e0c5-afd0-4e18-a1aa-c0c7e13ddfb2', 'f2a82dce-b14d-4082-bcc1-34a91dae346f', 'a815f1db-15b7-4465-bde3-e04def294a24', 'CONFIRM', '2023-06-02 18:21:56.747', '2023-06-02 18:21:56.747',	FALSE);
INSERT INTO REQUEST_FRIENDSHIP VALUES ('3086e0c5-afd0-4e18-a1aa-c0c7e13ddfb1', 'f2a82dce-b14d-4082-bcc1-34a91dae346f', 'f0558dd7-e687-4ebe-9b0e-bb8968ea39ca', 'CONFIRM', '2023-06-02 18:21:56.747', '2023-06-02 18:21:56.747',	FALSE);

INSERT INTO FRIENDS VALUES ('99cbe34e-a029-4a23-9e0c-eadfe053934f',	'a815f1db-15b7-4465-bde3-e04def294a24',	'f0558dd7-e687-4ebe-9b0e-bb8968ea39ca',	'2023-06-04 12:16:32.117', '2023-06-04 12:16:32.117', FALSE);
INSERT INTO FRIENDS VALUES ('d8faebff-8775-4bfa-9bbc-681fa4663def',	'f0558dd7-e687-4ebe-9b0e-bb8968ea39ca',	'a815f1db-15b7-4465-bde3-e04def294a24',	'2023-06-04 12:16:32.122', '2023-06-04 12:16:32.122', FALSE);
INSERT INTO FRIENDS VALUES ('37a5b218-a511-446a-a583-815a28c1164b',	'f2a82dce-b14d-4082-bcc1-34a91dae346f',	'f0558dd7-e687-4ebe-9b0e-bb8968ea39ca',	'2023-06-04 12:17:18.665', '2023-06-04 12:17:18.665', FALSE);
INSERT INTO FRIENDS VALUES ('7d6e03ba-d56b-4c6a-a973-4b1d60068f15',	'f0558dd7-e687-4ebe-9b0e-bb8968ea39ca',	'f2a82dce-b14d-4082-bcc1-34a91dae346f',	'2023-06-04 12:17:18.666', '2023-06-04 12:17:18.666', FALSE);
INSERT INTO FRIENDS VALUES ('596a85f5-5047-4cb6-97fc-565c4e319e8a',	'f2a82dce-b14d-4082-bcc1-34a91dae346f',	'a4a9c29b-0fbf-4c07-bd42-24d2712e9d1e',	'2023-06-04 12:18:43.696', '2023-06-04 12:18:43.696', FALSE);
INSERT INTO FRIENDS VALUES ('4327a2b0-07b0-489e-a8b5-b931eeee04aa',	'a4a9c29b-0fbf-4c07-bd42-24d2712e9d1e',	'f2a82dce-b14d-4082-bcc1-34a91dae346f',	'2023-06-04 12:18:43.696', '2023-06-04 12:18:43.696', FALSE);
INSERT INTO FRIENDS VALUES ('895b1477-50ad-44b0-9179-f3b65a70e0ba',	'f2a82dce-b14d-4082-bcc1-34a91dae346f',	'a815f1db-15b7-4465-bde3-e04def294a24',	'2023-06-04 12:19:19.207', '2023-06-04 12:19:19.207', FALSE);
INSERT INTO FRIENDS VALUES ('0c4735ee-bb19-42dd-a9b0-18be6a7097fd',	'a815f1db-15b7-4465-bde3-e04def294a24',	'f2a82dce-b14d-4082-bcc1-34a91dae346f',	'2023-06-04 12:19:19.207', '2023-06-04 12:19:19.207', FALSE);

INSERT INTO SUBSCRIBERS VALUES ('6a69eb24-3ccd-49c2-9b22-c63e7ac008a8', 'a4a9c29b-0fbf-4c07-bd42-24d2712e9d1e', 'a815f1db-15b7-4465-bde3-e04def294a24', '2023-06-02 20:37:14.151', '2023-06-02 20:37:14.151', FALSE);
INSERT INTO SUBSCRIBERS VALUES ('37fa32c3-1788-4a03-b05e-0e2c499b0cba', 'a815f1db-15b7-4465-bde3-e04def294a24', 'f0558dd7-e687-4ebe-9b0e-bb8968ea39ca', '2023-06-02 20:37:57.403', '2023-06-02 20:37:57.403', FALSE);
INSERT INTO SUBSCRIBERS VALUES ('96802da3-a172-48d5-b6fe-0feb1b8e011f', 'f0558dd7-e687-4ebe-9b0e-bb8968ea39ca', 'f2a82dce-b14d-4082-bcc1-34a91dae346f', '2023-06-02 20:38:54.318', '2023-06-02 20:38:54.318', FALSE);
INSERT INTO SUBSCRIBERS VALUES ('95fff5d3-65aa-4f9a-8829-b34afc3a2451', 'f2a82dce-b14d-4082-bcc1-34a91dae346f', 'a815f1db-15b7-4465-bde3-e04def294a24', '2023-06-02 20:39:35.378', '2023-06-02 20:39:35.378', FALSE);
INSERT INTO SUBSCRIBERS VALUES ('95fff5d3-65aa-4f9a-8829-b34afc3a2453', 'f2a82dce-b14d-4082-bcc1-34a91dae346f', 'f0558dd7-e687-4ebe-9b0e-bb8968ea39ca', '2023-06-02 20:39:35.378', '2023-06-02 20:39:35.378', FALSE);
INSERT INTO SUBSCRIBERS VALUES ('ce5a413f-22dd-48f1-9fa3-d266a691bf6c',	'a4a9c29b-0fbf-4c07-bd42-24d2712e9d1e',	'f2a82dce-b14d-4082-bcc1-34a91dae346f',	'2023-06-02 20:53:07.796',	'2023-06-02 20:53:07.796', FALSE);
INSERT INTO SUBSCRIBERS VALUES ('123965e0-46ff-492f-8be1-bfcb0dbef2fa',	'f0558dd7-e687-4ebe-9b0e-bb8968ea39ca',	'a815f1db-15b7-4465-bde3-e04def294a24',	'2023-06-02 20:55:23.652',	'2023-06-02 20:55:23.652', FALSE);